AbilityChangeNotify,1111
AbilityInvocationFailNotify,1105
AbilityInvocationFixedNotify,1101
AbilityInvocationsNotify,1102
AcceptCityReputationRequestReq,2808
AcceptCityReputationRequestRsp,2809
AchievementAllDataNotify,2651
AchievementUpdateNotify,2652
ActivityCoinInfoNotify,2013
ActivityCondStateChangeNotify,2035
ActivityInfoNotify,2006
ActivityPlayOpenAnimNotify,2005
ActivitySaleChangeNotify,2085
ActivityScheduleInfoNotify,2007
ActivitySelectAvatarCardReq,2011
ActivitySelectAvatarCardRsp,2012
ActivityTakeAllScoreRewardReq,8060
ActivityTakeAllScoreRewardRsp,8061
ActivityTakeScoreRewardReq,8058
ActivityTakeScoreRewardRsp,8059
ActivityTakeWatcherRewardBatchReq,2199
ActivityTakeWatcherRewardBatchRsp,2200
ActivityTakeWatcherRewardReq,2008
ActivityTakeWatcherRewardRsp,2009
ActivityUpdateWatcherNotify,2010
AddBlacklistReq,4027
AddBlacklistRsp,4028
AddFriendNotify,4021
AddNoGachaAvatarCardNotify,1750
AddQuestContentProgressReq,406
AddQuestContentProgressRsp,407
AddRandTaskInfoNotify,150
AddSeenMonsterNotify,279
AdjustWorldLevelReq,171
AdjustWorldLevelRsp,172
AllCoopInfoNotify,1951
AllMarkPointNotify,3012
AllSeenMonsterNotify,280
AllWidgetDataNotify,4284
AnchorPointDataNotify,4251
AnchorPointOpReq,4254
AnchorPointOpRsp,4255
AnimatorForceSetAirMoveNotify,335
AntiAddictNotify,163
ArenaChallengeFinishNotify,2197
AskAddFriendNotify,4022
AskAddFriendReq,4005
AskAddFriendRsp,4006
AsterLargeInfoNotify,2069
AsterLittleInfoNotify,2064
AsterMidCampInfoNotify,2073
AsterMidInfoNotify,2065
AsterMiscInfoNotify,2066
AsterProgressInfoNotify,2063
AvatarAddNotify,1701
AvatarBuffAddNotify,327
AvatarBuffDelNotify,328
AvatarCardChangeReq,627
AvatarCardChangeRsp,628
AvatarChangeElementTypeReq,1721
AvatarChangeElementTypeRsp,1722
AvatarDataNotify,1716
AvatarDelNotify,1702
AvatarDieAnimationEndReq,1719
AvatarDieAnimationEndRsp,1720
AvatarEnterElementViewNotify,332
AvatarEquipAffixStartNotify,1747
AvatarEquipChangeNotify,618
AvatarExpeditionAllDataReq,1725
AvatarExpeditionAllDataRsp,1726
AvatarExpeditionCallBackReq,1729
AvatarExpeditionCallBackRsp,1730
AvatarExpeditionDataNotify,1724
AvatarExpeditionGetRewardReq,1731
AvatarExpeditionGetRewardRsp,1732
AvatarExpeditionStartReq,1727
AvatarExpeditionStartRsp,1728
AvatarFetterDataNotify,1723
AvatarFetterLevelRewardReq,1748
AvatarFetterLevelRewardRsp,1749
AvatarFightPropNotify,1205
AvatarFightPropUpdateNotify,1206
AvatarFlycloakChangeNotify,1745
AvatarFollowRouteNotify,3068
AvatarGainFlycloakNotify,1746
AvatarLifeStateChangeNotify,1208
AvatarPromoteGetRewardReq,1751
AvatarPromoteGetRewardRsp,1752
AvatarPromoteReq,1709
AvatarPromoteRsp,1710
AvatarPropChangeReasonNotify,1209
AvatarPropNotify,1211
AvatarSatiationDataNotify,1742
AvatarSkillChangeNotify,1014
AvatarSkillDepotChangeNotify,1004
AvatarSkillInfoNotify,1008
AvatarSkillMaxChargeCountNotify,1007
AvatarSkillUpgradeReq,1012
AvatarSkillUpgradeRsp,1013
AvatarTeamUpdateNotify,1715
AvatarUnlockTalentNotify,1003
AvatarUpgradeReq,1717
AvatarUpgradeRsp,1718
AvatarWearFlycloakReq,1743
AvatarWearFlycloakRsp,1744
BackMyWorldReq,275
BackMyWorldRsp,276
BargainOfferPriceReq,424
BargainOfferPriceRsp,425
BargainStartNotify,423
BargainTerminateNotify,426
BattlePassAllDataNotify,2601
BattlePassBuySuccNotify,2615
BattlePassCurScheduleUpdateNotify,2604
BattlePassMissionDelNotify,2603
BattlePassMissionUpdateNotify,2602
BeginCameraSceneLookNotify,247
BigTalentPointConvertReq,1005
BigTalentPointConvertRsp,1006
BlessingAcceptAllGivePicReq,2154
BlessingAcceptAllGivePicRsp,2155
BlessingAcceptGivePicReq,2149
BlessingAcceptGivePicRsp,2150
BlessingGetAllRecvPicRecordListReq,2151
BlessingGetAllRecvPicRecordListRsp,2152
BlessingGetFriendPicListReq,2145
BlessingGetFriendPicListRsp,2146
BlessingGiveFriendPicReq,2147
BlessingGiveFriendPicRsp,2148
BlessingRecvFriendPicNotify,2153
BlessingRedeemRewardReq,2143
BlessingRedeemRewardRsp,2144
BlessingScanReq,2141
BlessingScanRsp,2142
BlossomBriefInfoNotify,2703
BlossomChestCreateNotify,2706
BlossomChestInfoNotify,808
BonusActivityInfoReq,2513
BonusActivityInfoRsp,2514
BonusActivityUpdateNotify,2512
BossChestActivateNotify,807
BuyBattlePassLevelReq,2616
BuyBattlePassLevelRsp,2617
BuyGoodsReq,703
BuyGoodsRsp,704
BuyResinReq,649
BuyResinRsp,650
CalcWeaponUpgradeReturnItemsReq,661
CalcWeaponUpgradeReturnItemsRsp,662
CancelCityReputationRequestReq,2810
CancelCityReputationRequestRsp,2811
CancelCoopTaskReq,1966
CancelCoopTaskRsp,1967
CancelFinishParentQuestNotify,441
CanUseSkillNotify,1016
CardProductRewardNotify,4104
ChallengeDataNotify,920
ChallengeRecordNotify,924
ChangeAvatarReq,1707
ChangeAvatarRsp,1708
ChangeGameTimeReq,109
ChangeGameTimeRsp,110
ChangeMailStarNotify,1413
ChangeMpTeamAvatarReq,1734
ChangeMpTeamAvatarRsp,1735
ChangeTeamNameReq,1736
ChangeTeamNameRsp,1737
ChangeWorldToSingleModeNotify,3049
ChangeWorldToSingleModeReq,3055
ChangeWorldToSingleModeRsp,3056
ChannelerSlabStageActiveChallengeIndexNotify,8001
ChannelerSlabStageOneoffDungeonNotify,8002
ChannellerSlabCheckEnterLoopDungeonReq,8031
ChannellerSlabCheckEnterLoopDungeonRsp,8032
ChannellerSlabEnterLoopDungeonReq,8007
ChannellerSlabEnterLoopDungeonRsp,8008
ChannellerSlabLoopDungeonChallengeInfoNotify,8013
ChannellerSlabLoopDungeonSelectConditionReq,8014
ChannellerSlabLoopDungeonSelectConditionRsp,8015
ChannellerSlabLoopDungeonTakeFirstPassRewardReq,8009
ChannellerSlabLoopDungeonTakeFirstPassRewardRsp,8010
ChannellerSlabLoopDungeonTakeScoreRewardReq,8011
ChannellerSlabLoopDungeonTakeScoreRewardRsp,8012
ChannellerSlabOneOffDungeonInfoNotify,8018
ChannellerSlabOneOffDungeonInfoReq,8016
ChannellerSlabOneOffDungeonInfoRsp,8017
ChannellerSlabSaveAssistInfoReq,8019
ChannellerSlabSaveAssistInfoRsp,8020
ChannellerSlabTakeoffBuffReq,8005
ChannellerSlabTakeoffBuffRsp,8006
ChannellerSlabWearBuffReq,8003
ChannellerSlabWearBuffRsp,8004
ChapterStateNotify,416
ChatChannelDataNotify,4963
ChatChannelUpdateNotify,4962
ChatHistoryNotify,3022
CheckSegmentCRCNotify,19
CheckSegmentCRCReq,20
ChooseCurAvatarTeamReq,1705
ChooseCurAvatarTeamRsp,1706
CityReputationDataNotify,2816
CityReputationLevelupNotify,2805
ClientAbilitiesInitFinishCombineNotify,1107
ClientAbilityChangeNotify,1112
ClientAbilityInitBeginNotify,1103
ClientAbilityInitFinishNotify,1104
ClientAIStateNotify,1115
ClientCollectorDataNotify,4265
ClientLockGameTimeNotify,168
ClientNewMailNotify,1410
ClientPauseNotify,267
ClientReconnectNotify,12
ClientReportNotify,15
ClientScriptEventNotify,298
ClientTransmitReq,240
ClientTransmitRsp,241
ClientTriggerEventNotify,113
CloseCommonTipsNotify,3048
ClosedItemNotify,668
CodexDataFullNotify,4201
CodexDataUpdateNotify,4202
CombatInvocationsNotify,350
CombineDataNotify,665
CombineFormulaDataNotify,666
CombineReq,634
CombineRsp,635
CommonPlayerTipsNotify,8081
CompoundDataNotify,137
CookDataNotify,130
CookGradeDataNotify,132
CookRecipeDataNotify,131
CoopCgShowNotify,1973
CoopCgUpdateNotify,1959
CoopChapterUpdateNotify,1958
CoopDataNotify,1957
CoopPointUpdateNotify,1963
CoopProgressUpdateNotify,1970
CoopRewardUpdateNotify,1960
CreateMassiveEntityNotify,345
CreateMassiveEntityReq,343
CreateMassiveEntityRsp,344
CutSceneBeginNotify,295
CutSceneEndNotify,297
CutSceneFinishNotify,296
DailyTaskDataNotify,146
DailyTaskProgressNotify,147
DailyTaskScoreRewardNotify,148
DataResVersionNotify,145
DealAddFriendReq,4007
DealAddFriendRsp,4008
DebugNotify,101
DeleteFriendNotify,4020
DeleteFriendReq,4011
DeleteFriendRsp,4012
DelMailReq,1406
DelMailRsp,1407
DelScenePlayTeamEntityNotify,3051
DelTeamEntityNotify,349
DestroyMassiveEntityNotify,346
DestroyMaterialReq,657
DestroyMaterialRsp,658
DoGachaReq,1503
DoGachaRsp,1504
DoSetPlayerBornDataNotify,118
DraftGuestReplyInviteNotify,5408
DraftGuestReplyInviteReq,5406
DraftGuestReplyInviteRsp,5407
DraftGuestReplyTwiceConfirmNotify,5414
DraftGuestReplyTwiceConfirmReq,5411
DraftGuestReplyTwiceConfirmRsp,5412
DraftInviteResultNotify,5409
DraftOwnerInviteNotify,5405
DraftOwnerStartInviteReq,5403
DraftOwnerStartInviteRsp,5404
DraftOwnerTwiceConfirmNotify,5410
DraftTwiceConfirmResultNotify,5413
DragonSpineChapterFinishNotify,2083
DragonSpineChapterOpenNotify,2081
DragonSpineChapterProgressChangeNotify,2082
DragonSpineCoinChangeNotify,2084
DropHintNotify,633
DropItemReq,610
DropItemRsp,611
DropSubfieldReq,251
DropSubfieldRsp,252
DungeonCandidateTeamChangeAvatarReq,942
DungeonCandidateTeamChangeAvatarRsp,943
DungeonCandidateTeamCreateReq,930
DungeonCandidateTeamCreateRsp,931
DungeonCandidateTeamDismissNotify,929
DungeonCandidateTeamInfoNotify,925
DungeonCandidateTeamInviteNotify,926
DungeonCandidateTeamInviteReq,932
DungeonCandidateTeamInviteRsp,933
DungeonCandidateTeamKickReq,934
DungeonCandidateTeamKickRsp,935
DungeonCandidateTeamLeaveReq,936
DungeonCandidateTeamLeaveRsp,937
DungeonCandidateTeamPlayerLeaveNotify,928
DungeonCandidateTeamRefuseNotify,927
DungeonCandidateTeamReplyInviteReq,938
DungeonCandidateTeamReplyInviteRsp,939
DungeonCandidateTeamSetReadyReq,940
DungeonCandidateTeamSetReadyRsp,941
DungeonChallengeBeginNotify,918
DungeonChallengeFinishNotify,919
DungeonDataNotify,917
DungeonDieOptionReq,912
DungeonDieOptionRsp,913
DungeonEntryInfoReq,901
DungeonEntryInfoRsp,902
DungeonEntryToBeExploreNotify,3024
DungeonFollowNotify,921
DungeonGetStatueDropReq,922
DungeonGetStatueDropRsp,923
DungeonInterruptChallengeReq,948
DungeonInterruptChallengeRsp,949
DungeonPlayerDieNotify,911
DungeonPlayerDieReq,915
DungeonPlayerDieRsp,916
DungeonRestartInviteNotify,953
DungeonRestartInviteReplyNotify,956
DungeonRestartInviteReplyReq,954
DungeonRestartInviteReplyRsp,955
DungeonRestartReq,951
DungeonRestartResultNotify,957
DungeonRestartRsp,952
DungeonSettleNotify,910
DungeonShowReminderNotify,914
DungeonSlipRevivePointActivateReq,946
DungeonSlipRevivePointActivateRsp,947
DungeonWayPointActivateReq,908
DungeonWayPointActivateRsp,909
DungeonWayPointNotify,907
EchoNotify,22
EffigyChallengeInfoNotify,2103
EffigyChallengeResultNotify,2104
EndCameraSceneLookNotify,248
EnterMechanicusDungeonReq,3911
EnterMechanicusDungeonRsp,3912
EnterSceneDoneReq,285
EnterSceneDoneRsp,286
EnterScenePeerNotify,284
EnterSceneReadyReq,282
EnterSceneReadyRsp,283
EnterSceneWeatherAreaNotify,242
EnterTransPointRegionNotify,216
EnterTrialAvatarActivityDungeonReq,2041
EnterTrialAvatarActivityDungeonRsp,2042
EnterWorldAreaReq,233
EnterWorldAreaRsp,234
EntityAiKillSelfNotify,357
EntityAiSyncNotify,354
EntityAuthorityChangeNotify,326
EntityConfigHashNotify,3059
EntityFightPropChangeReasonNotify,1207
EntityFightPropNotify,1203
EntityFightPropUpdateNotify,1204
EntityForceSyncReq,235
EntityForceSyncRsp,236
EntityJumpNotify,221
EntityMoveRoomNotify,3014
EntityPropNotify,1201
EntityTagChangeNotify,3067
EvtAiSyncCombatThreatInfoNotify,352
EvtAiSyncSkillCdNotify,336
EvtAnimatorParameterNotify,302
EvtAnimatorStateChangedNotify,311
EvtAvatarEnterFocusNotify,323
EvtAvatarExitFocusNotify,324
EvtAvatarSitDownNotify,341
EvtAvatarStandUpNotify,342
EvtAvatarUpdateFocusNotify,325
EvtBeingHitNotify,301
EvtBeingHitsCombineNotify,337
EvtBulletDeactiveNotify,314
EvtBulletHitNotify,313
EvtBulletMoveNotify,322
EvtCostStaminaNotify,309
EvtCreateGadgetNotify,305
EvtDestroyGadgetNotify,306
EvtDestroyServerGadgetNotify,356
EvtDoSkillSuccNotify,304
EvtEntityRenderersChangedNotify,334
EvtEntityStartDieEndNotify,315
EvtFaceToDirNotify,308
EvtFaceToEntityNotify,307
EvtRushMoveNotify,312
EvtSetAttackTargetNotify,310
ExecuteGadgetLuaReq,293
ExecuteGadgetLuaRsp,294
ExecuteGroupTriggerReq,253
ExecuteGroupTriggerRsp,254
ExitSceneWeatherAreaNotify,243
ExitTransPointRegionNotify,217
ExpeditionChallengeEnterRegionNotify,2171
ExpeditionChallengeFinishedNotify,2172
ExpeditionRecallReq,2163
ExpeditionRecallRsp,2164
ExpeditionStartReq,2161
ExpeditionStartRsp,2162
ExpeditionTakeRewardReq,2165
ExpeditionTakeRewardRsp,2166
FindHilichurlAcceptQuestNotify,8083
FindHilichurlFinishSecondQuestNotify,8082
FinishDeliveryNotify,2053
FinishedParentQuestNotify,404
FinishedParentQuestUpdateNotify,405
FinishMainCoopReq,1955
FinishMainCoopRsp,1956
FleurFairBalloonSettleNotify,2181
FleurFairBuffEnergyNotify,5341
FleurFairFallSettleNotify,2182
FleurFairFinishGalleryStageNotify,5343
FleurFairMusicGameSettleReq,2183
FleurFairMusicGameSettleRsp,2184
FleurFairMusicGameStartReq,2185
FleurFairMusicGameStartRsp,2186
FleurFairReplayMiniGameReq,2187
FleurFairReplayMiniGameRsp,2188
FleurFairStageSettleNotify,5342
FlightActivityRestartReq,2071
FlightActivityRestartRsp,2072
FlightActivitySettleNotify,2070
FocusAvatarReq,1740
FocusAvatarRsp,1741
ForceAddPlayerFriendReq,4053
ForceAddPlayerFriendRsp,4054
ForceDragAvatarNotify,3060
ForceDragBackTransferNotify,3062
ForgeDataNotify,663
ForgeFormulaDataNotify,664
ForgeGetQueueDataReq,637
ForgeGetQueueDataRsp,638
ForgeQueueDataNotify,636
ForgeQueueManipulateReq,641
ForgeQueueManipulateRsp,642
ForgeStartReq,639
ForgeStartRsp,640
FoundationNotify,818
FoundationReq,816
FoundationRsp,817
FunitureMakeMakeInfoChangeNotify,4615
FurnitureCurModuleArrangeCountNotify,4496
FurnitureMakeBeHelpedNotify,4610
FurnitureMakeCancelReq,4608
FurnitureMakeCancelRsp,4609
FurnitureMakeFinishNotify,4605
FurnitureMakeHelpReq,4611
FurnitureMakeHelpRsp,4612
FurnitureMakeReq,4601
FurnitureMakeRsp,4602
FurnitureMakeStartReq,4606
FurnitureMakeStartRsp,4607
GadgetAutoPickDropInfoNotify,814
GadgetGeneralRewardInfoNotify,813
GadgetInteractReq,801
GadgetInteractRsp,802
GadgetPlayDataNotify,811
GadgetPlayStartNotify,809
GadgetPlayStopNotify,810
GadgetPlayUidOpNotify,812
GadgetStateNotify,803
GadgetTalkChangeNotify,819
GalleryBalloonScoreNotify,5503
GalleryBalloonShootNotify,5502
GalleryBrokenFloorFallNotify,5512
GalleryBulletHitNotify,5511
GalleryFallCatchNotify,5505
GalleryFallScoreNotify,5506
GalleryFlowerCatchNotify,5509
GalleryPreStartNotify,5510
GalleryStartNotify,5501
GalleryStopNotify,5504
GetActivityInfoReq,2003
GetActivityInfoRsp,2004
GetActivityScheduleReq,2001
GetActivityScheduleRsp,2002
GetActivityShopSheetInfoReq,707
GetActivityShopSheetInfoRsp,708
GetAllActivatedBargainDataReq,429
GetAllActivatedBargainDataRsp,430
GetAllH5ActivityInfoReq,5652
GetAllH5ActivityInfoRsp,5651
GetAllMailReq,1411
GetAllMailRsp,1412
GetAllSceneGalleryInfoReq,5507
GetAllSceneGalleryInfoRsp,5508
GetAllUnlockNameCardReq,4025
GetAllUnlockNameCardRsp,4026
GetAreaExplorePointReq,238
GetAreaExplorePointRsp,239
GetAuthkeyReq,1408
GetAuthkeyRsp,1409
GetAuthSalesmanInfoReq,2038
GetAuthSalesmanInfoRsp,2039
GetBargainDataReq,427
GetBargainDataRsp,428
GetBattlePassProductReq,2609
GetBattlePassProductRsp,2610
GetBlossomBriefInfoListReq,2701
GetBlossomBriefInfoListRsp,2702
GetBonusActivityRewardReq,2515
GetBonusActivityRewardRsp,2516
GetCityHuntingOfferReq,4303
GetCityHuntingOfferRsp,4304
GetCityReputationInfoReq,2801
GetCityReputationInfoRsp,2802
GetCityReputationMapInfoReq,2812
GetCityReputationMapInfoRsp,2813
GetCompoundDataReq,138
GetCompoundDataRsp,139
GetDailyDungeonEntryInfoReq,944
GetDailyDungeonEntryInfoRsp,945
GetDungeonEntryExploreConditionReq,3035
GetDungeonEntryExploreConditionRsp,3036
GetExpeditionAssistInfoListReq,2167
GetExpeditionAssistInfoListRsp,2168
GetFriendShowAvatarInfoReq,4047
GetFriendShowAvatarInfoRsp,4048
GetFriendShowNameCardInfoReq,4051
GetFriendShowNameCardInfoRsp,4052
GetFurnitureCurModuleArrangeCountReq,4495
GetGachaInfoReq,1501
GetGachaInfoRsp,1502
GetHomeLevelUpRewardReq,4493
GetHomeLevelUpRewardRsp,4494
GetHuntingOfferRewardReq,4305
GetHuntingOfferRewardRsp,4306
GetInvestigationMonsterReq,1906
GetInvestigationMonsterRsp,1907
GetMailItemReq,1404
GetMailItemRsp,1405
GetMapMarkTipsReq,3053
GetMapMarkTipsRsp,3054
GetMechanicusInfoReq,3901
GetMechanicusInfoRsp,3902
GetNextResourceInfoReq,169
GetNextResourceInfoRsp,170
GetOnlinePlayerInfoReq,17
GetOnlinePlayerInfoRsp,18
GetOnlinePlayerListReq,8
GetOnlinePlayerListRsp,9
GetOpActivityInfoReq,5101
GetOpActivityInfoRsp,5102
GetPlayerBlacklistReq,4039
GetPlayerBlacklistRsp,4040
GetPlayerFriendListReq,4001
GetPlayerFriendListRsp,4002
GetPlayerHomeCompInfoReq,4467
GetPlayerMpModeAvailabilityReq,1809
GetPlayerMpModeAvailabilityRsp,1810
GetPlayerSocialDetailReq,4009
GetPlayerSocialDetailRsp,4010
GetPlayerTokenReq,101
GetPlayerTokenRsp,102
GetPushTipsRewardReq,2225
GetPushTipsRewardRsp,2226
GetQuestTalkHistoryReq,408
GetQuestTalkHistoryRsp,409
GetRecentMpPlayerListReq,4032
GetRecentMpPlayerListRsp,4033
GetRegionSearchReq,5605
GetReunionMissionInfoReq,5059
GetReunionMissionInfoRsp,5060
GetReunionPrivilegeInfoReq,5066
GetReunionPrivilegeInfoRsp,5067
GetReunionSignInInfoReq,5055
GetReunionSignInInfoRsp,5056
GetSceneAreaReq,222
GetSceneAreaRsp,223
GetSceneNpcPositionReq,504
GetSceneNpcPositionRsp,505
GetScenePerformanceReq,3063
GetScenePerformanceRsp,3064
GetScenePointReq,214
GetScenePointRsp,215
GetShopmallDataReq,705
GetShopmallDataRsp,706
GetShopReq,701
GetShopRsp,702
GetSignInRewardReq,2505
GetSignInRewardRsp,2506
GetWidgetSlotReq,4282
GetWidgetSlotRsp,4283
GetWorldMpInfoReq,3057
GetWorldMpInfoRsp,3058
GivingRecordChangeNotify,156
GivingRecordNotify,155
GmTalkReq,2
GmTalkRsp,3
GrantRewardNotify,629
GroupSuiteNotify,3042
GroupUnloadNotify,3043
H5ActivityIdsNotify,5653
HideAndSeekPlayerReadyNotify,5349
HideAndSeekPlayerSetAvatarNotify,5350
HideAndSeekSelectAvatarReq,5344
HideAndSeekSelectAvatarRsp,5345
HideAndSeekSelectSkillReq,8053
HideAndSeekSelectSkillRsp,8054
HideAndSeekSetReadyReq,5346
HideAndSeekSetReadyRsp,5347
HideAndSeekSettleNotify,5348
HitClientTrivialNotify,274
HitTreeNotify,3066
HomeBasicInfoNotify,4456
HomeBlockNotify,4454
HomeChangeEditModeReq,4457
HomeChangeEditModeRsp,4458
HomeChangeModuleReq,4459
HomeChangeModuleRsp,4460
HomeChooseModuleReq,4479
HomeChooseModuleRsp,4480
HomeComfortInfoNotify,4497
HomeGetArrangementInfoReq,4463
HomeGetArrangementInfoRsp,4464
HomeGetBasicInfoReq,4455
HomeGetOnlineStatusReq,4485
HomeGetOnlineStatusRsp,4486
HomeKickPlayerReq,4487
HomeKickPlayerRsp,4488
HomeLimitedShopBuyGoodsReq,4655
HomeLimitedShopBuyGoodsRsp,4656
HomeLimitedShopGoodsListReq,4653
HomeLimitedShopGoodsListRsp,4654
HomeLimitedShopInfoChangeNotify,4657
HomeLimitedShopInfoNotify,4652
HomeLimitedShopInfoReq,4650
HomeLimitedShopInfoRsp,4651
HomePriorCheckNotify,4500
HomeResourceNotify,4700
HomeResourceTakeFetterExpReq,4703
HomeResourceTakeFetterExpRsp,4704
HomeResourceTakeHomeCoinReq,4701
HomeResourceTakeHomeCoinRsp,4702
HomeSceneJumpReq,4477
HomeSceneJumpRsp,4478
HomeSnapshotNotify,4490
HomeUpdateArrangementInfoReq,4465
HomeUpdateArrangementInfoRsp,4466
HostPlayerNotify,303
HuntingFailNotify,4311
HuntingGiveUpReq,4313
HuntingGiveUpRsp,4314
HuntingOngoingNotify,4312
HuntingRevealClueNotify,4308
HuntingRevealFinalNotify,4309
HuntingStartNotify,4307
HuntingSuccessNotify,4310
InBattleMechanicusBuildingPointsNotify,5307
InBattleMechanicusCardResultNotify,5314
InBattleMechanicusConfirmCardNotify,5313
InBattleMechanicusConfirmCardReq,5311
InBattleMechanicusConfirmCardRsp,5312
InBattleMechanicusExcapeMonsterNotify,5305
InBattleMechanicusLeftMonsterNotify,5306
InBattleMechanicusPickCardNotify,5310
InBattleMechanicusPickCardReq,5308
InBattleMechanicusPickCardRsp,5309
InBattleMechanicusSettleNotify,5316
InteractDailyDungeonInfoNotify,950
InterruptGalleryReq,5513
InterruptGalleryRsp,5514
ItemAddHintNotify,605
ItemCdGroupTimeNotify,632
ItemExceedLimitNotify,667
ItemGivingReq,157
ItemGivingRsp,158
JoinHomeWorldFailNotify,4453
JoinPlayerFailNotify,290
JoinPlayerSceneReq,269
JoinPlayerSceneRsp,270
KeepAliveNotify,1
LeaveSceneReq,202
LeaveSceneRsp,203
LevelupCityReq,255
LevelupCityRsp,256
LifeStateChangeNotify,1202
LoadActivityTerrainNotify,2024
LuaSetOptionNotify,355
MailChangeNotify,1402
MainCoopUpdateNotify,1952
MarkEntityInMinMapNotify,249
MarkMapReq,3010
MarkMapRsp,3011
MarkNewNotify,1212
MassiveEntityElementOpBatchNotify,353
MassiveEntityStateChangedNotify,347
MaterialDeleteReturnNotify,651
MaterialDeleteUpdateNotify,654
McoinExchangeHcoinReq,655
McoinExchangeHcoinRsp,656
MechanicusCandidateTeamCreateReq,3915
MechanicusCandidateTeamCreateRsp,3916
MechanicusCloseNotify,3906
MechanicusCoinNotify,3904
MechanicusLevelupGearReq,3909
MechanicusLevelupGearRsp,3910
MechanicusOpenNotify,3905
MechanicusSequenceOpenNotify,3903
MechanicusUnlockGearReq,3907
MechanicusUnlockGearRsp,3908
MeetNpcReq,507
MeetNpcRsp,508
MetNpcIdListNotify,506
MiracleRingDataNotify,5203
MiracleRingDeliverItemReq,5207
MiracleRingDeliverItemRsp,5208
MiracleRingDestroyNotify,5209
MiracleRingDropResultNotify,5206
MiracleRingTakeRewardReq,5204
MiracleRingTakeRewardRsp,5205
MistTrialDunegonFailNotify,8025
MistTrialGetChallengeMissionReq,8023
MistTrialGetChallengeMissionRsp,8024
MistTrialSelectAvatarAndEnterDungeonReq,8021
MistTrialSelectAvatarAndEnterDungeonRsp,8022
MonsterAIConfigHashNotify,3044
MonsterAlertChangeNotify,329
MonsterForceAlertNotify,330
MonsterPointArrayRouteUpdateNotify,3061
MonsterSummonTagNotify,1301
MpBlockNotify,1826
MpPlayGuestReplyInviteReq,1820
MpPlayGuestReplyInviteRsp,1821
MpPlayGuestReplyNotify,1822
MpPlayInviteResultNotify,1824
MpPlayOwnerCheckReq,1815
MpPlayOwnerCheckRsp,1816
MpPlayOwnerInviteNotify,1819
MpPlayOwnerStartInviteReq,1817
MpPlayOwnerStartInviteRsp,1818
MpPlayPrepareInterruptNotify,1825
MpPlayPrepareNotify,1823
MultistagePlayEndNotify,5400
MultistagePlayFinishStageReq,5302
MultistagePlayFinishStageRsp,5315
MultistagePlayInfoNotify,5301
MultistagePlayStageEndNotify,5399
NormalUidOpNotify,5701
NpcTalkReq,501
NpcTalkRsp,502
OneoffGatherPointDetectorDataNotify,4266
OpActivityDataNotify,5103
OpActivityStateNotify,2501
OpActivityUpdateNotify,5104
OpenBlossomCircleCampGuideNotify,2707
OpenStateChangeNotify,125
OpenStateUpdateNotify,124
OrderDisplayNotify,4106
OrderFinishNotify,4103
OtherPlayerEnterHomeNotify,4499
PersonalLineAllDataReq,435
PersonalLineAllDataRsp,436
PersonalSceneJumpReq,262
PersonalSceneJumpRsp,263
PingReq,5
PingRsp,6
PlatformChangeRouteNotify,260
PlatformStartRouteNotify,258
PlatformStopRouteNotify,259
PlayerAllowEnterMpAfterAgreeMatchNotify,4160
PlayerApplyEnterHomeNotify,4471
PlayerApplyEnterHomeResultNotify,4474
PlayerApplyEnterHomeResultReq,4472
PlayerApplyEnterHomeResultRsp,4473
PlayerApplyEnterMpAfterMatchAgreedNotify,4162
PlayerApplyEnterMpNotify,1801
PlayerApplyEnterMpReq,1802
PlayerApplyEnterMpResultNotify,1804
PlayerApplyEnterMpResultReq,1805
PlayerApplyEnterMpResultRsp,1806
PlayerApplyEnterMpRsp,1803
PlayerCancelMatchReq,4154
PlayerCancelMatchRsp,4155
PlayerChatCDNotify,3021
PlayerChatNotify,3020
PlayerChatReq,3018
PlayerChatRsp,3019
PlayerCompoundMaterialReq,133
PlayerCompoundMaterialRsp,134
PlayerConfirmMatchReq,4158
PlayerConfirmMatchRsp,4159
PlayerCookArgsReq,159
PlayerCookArgsRsp,160
PlayerCookReq,126
PlayerCookRsp,127
PlayerDataNotify,108
PlayerEnterDungeonReq,903
PlayerEnterDungeonRsp,904
PlayerEnterSceneInfoNotify,268
PlayerEnterSceneNotify,201
PlayerEyePointStateNotify,3052
PlayerForceExitReq,164
PlayerForceExitRsp,165
PlayerGameTimeNotify,111
PlayerGeneralMatchConfirmNotify,4164
PlayerGeneralMatchDismissNotify,4163
PlayerGetForceQuitBanInfoReq,4165
PlayerGetForceQuitBanInfoRsp,4166
PlayerHomeCompInfoNotify,4468
PlayerInjectFixNotify,166
PlayerInvestigationAllInfoNotify,1901
PlayerInvestigationNotify,1908
PlayerInvestigationTargetNotify,1909
PlayerLevelRewardUpdateNotify,154
PlayerLoginReq,103
PlayerLoginRsp,104
PlayerLogoutNotify,107
PlayerLogoutReq,105
PlayerLogoutRsp,106
PlayerLuaShellNotify,161
PlayerMatchAgreedResultNotify,4161
PlayerMatchInfoNotify,4153
PlayerMatchStopNotify,4156
PlayerMatchSuccNotify,4157
PlayerOfferingDataNotify,2901
PlayerOfferingReq,2902
PlayerOfferingRsp,2903
PlayerPreEnterMpNotify,1808
PlayerPropChangeNotify,119
PlayerPropChangeReasonNotify,1210
PlayerPropNotify,112
PlayerQuitDungeonReq,905
PlayerQuitDungeonRsp,906
PlayerQuitFromHomeNotify,4498
PlayerQuitFromMpNotify,1807
PlayerRandomCookReq,128
PlayerRandomCookRsp,129
PlayerRechargeDataNotify,4105
PlayerReportReq,4041
PlayerReportRsp,4042
PlayerRoutineDataNotify,3501
PlayerSetLanguageReq,143
PlayerSetLanguageRsp,144
PlayerSetOnlyMPWithPSPlayerReq,1811
PlayerSetOnlyMPWithPSPlayerRsp,1812
PlayerSetPauseReq,141
PlayerSetPauseRsp,142
PlayerStartMatchReq,4151
PlayerStartMatchRsp,4152
PlayerStoreNotify,601
PlayerTimeNotify,140
PostEnterSceneReq,3016
PostEnterSceneRsp,3017
PrivateChatNotify,4953
PrivateChatReq,4951
PrivateChatRsp,4952
PrivateChatSetSequenceReq,4954
PrivateChatSetSequenceRsp,4955
ProudSkillChangeNotify,1011
ProudSkillExtraLevelNotify,1015
ProudSkillUpgradeReq,1009
ProudSkillUpgradeRsp,1010
PSPlayerApplyEnterMpReq,1813
PSPlayerApplyEnterMpRsp,1814
PullPrivateChatReq,4956
PullPrivateChatRsp,4957
PullRecentChatReq,4958
PullRecentChatRsp,4959
PushTipsAllDataNotify,2221
PushTipsChangeNotify,2222
PushTipsReadFinishReq,2223
PushTipsReadFinishRsp,2224
QueryCodexMonsterBeKilledNumReq,4203
QueryCodexMonsterBeKilledNumRsp,4204
QuestCreateEntityReq,410
QuestCreateEntityRsp,411
QuestDelNotify,403
QuestDestroyEntityReq,412
QuestDestroyEntityRsp,413
QuestDestroyNpcReq,421
QuestDestroyNpcRsp,422
QuestGlobalVarNotify,432
QuestListNotify,401
QuestListUpdateNotify,402
QuestProgressUpdateNotify,417
QuestTransmitReq,433
QuestTransmitRsp,434
QuestUpdateQuestVarNotify,420
QuestUpdateQuestVarReq,418
QuestUpdateQuestVarRsp,419
QuickUseWidgetReq,4260
QuickUseWidgetRsp,4261
ReadMailNotify,1403
ReadPrivateChatReq,4960
ReadPrivateChatRsp,4961
ReceivedTrialAvatarActivityRewardReq,2043
ReceivedTrialAvatarActivityRewardRsp,2044
RechargeReq,4101
RechargeRsp,4102
RedeemLegendaryKeyReq,437
RedeemLegendaryKeyRsp,438
RefreshBackgroundAvatarReq,1713
RefreshBackgroundAvatarRsp,1714
RegionSearchChangeRegionNotify,5602
RegionSearchNotify,5601
ReliquaryPromoteReq,625
ReliquaryPromoteRsp,626
ReliquaryUpgradeReq,623
ReliquaryUpgradeRsp,624
RemoveBlacklistReq,4029
RemoveBlacklistRsp,4030
RemoveRandTaskInfoNotify,151
ReportTrackingIOInfoNotify,4107
ResinCardDataUpdateNotify,4110
ResinChangeNotify,643
ReunionActivateNotify,5069
ReunionBriefInfoReq,5051
ReunionBriefInfoRsp,5052
ReunionDailyRefreshNotify,5071
ReunionPrivilegeChangeNotify,5070
ReunionSettleNotify,5068
RobotPushPlayerDataNotify,14
SalesmanDeliverItemReq,2031
SalesmanDeliverItemRsp,2032
SalesmanTakeRewardReq,2033
SalesmanTakeRewardRsp,2034
SalesmanTakeSpecialRewardReq,2036
SalesmanTakeSpecialRewardRsp,2037
SaveCoopDialogReq,1971
SaveCoopDialogRsp,1972
SaveMainCoopReq,1953
SaveMainCoopRsp,1954
SceneAreaUnlockNotify,224
SceneAreaWeatherNotify,244
SceneAudioNotify,3065
SceneAvatarStaminaStepReq,210
SceneAvatarStaminaStepRsp,211
SceneCreateEntityReq,227
SceneCreateEntityRsp,228
SceneDataNotify,3023
SceneDestroyEntityReq,229
SceneDestroyEntityRsp,230
SceneEntitiesMoveCombineNotify,3001
SceneEntitiesMovesReq,299
SceneEntitiesMovesRsp,300
SceneEntityAppearNotify,206
SceneEntityDisappearNotify,207
SceneEntityDrownReq,225
SceneEntityDrownRsp,226
SceneEntityMoveNotify,212
SceneEntityMoveReq,208
SceneEntityMoveRsp,209
SceneForceLockNotify,232
SceneForceUnlockNotify,231
SceneGalleryInfoNotify,5515
SceneInitFinishReq,204
SceneInitFinishRsp,205
SceneKickPlayerNotify,273
SceneKickPlayerReq,271
SceneKickPlayerRsp,272
ScenePlayBattleInfoListNotify,4365
ScenePlayBattleInfoNotify,4351
ScenePlayBattleInterruptNotify,4362
ScenePlayBattleResultNotify,4363
ScenePlayBattleUidOpNotify,4364
ScenePlayerInfoNotify,245
ScenePlayerLocationNotify,213
ScenePlayerSoundNotify,261
ScenePlayGuestReplyInviteReq,4357
ScenePlayGuestReplyInviteRsp,4358
ScenePlayGuestReplyNotify,4359
ScenePlayInfoListNotify,4361
ScenePlayInviteResultNotify,4360
ScenePlayOutofRegionNotify,4366
ScenePlayOwnerCheckReq,4352
ScenePlayOwnerCheckRsp,4353
ScenePlayOwnerInviteNotify,4356
ScenePlayOwnerStartInviteReq,4354
ScenePlayOwnerStartInviteRsp,4355
ScenePointUnlockNotify,218
SceneRouteChangeNotify,257
SceneTeamUpdateNotify,1738
SceneTimeNotify,281
SceneTransToPointReq,219
SceneTransToPointRsp,220
SceneWeatherForcastReq,3005
SceneWeatherForcastRsp,3006
SeaLampCoinNotify,2029
SeaLampContributeItemReq,2020
SeaLampContributeItemRsp,2021
SeaLampFlyLampNotify,2028
SeaLampFlyLampReq,2014
SeaLampFlyLampRsp,2015
SeaLampPopularityNotify,2030
SeaLampTakeContributionRewardReq,2016
SeaLampTakeContributionRewardRsp,2017
SeaLampTakePhaseRewardReq,2018
SeaLampTakePhaseRewardRsp,2019
SealBattleBeginNotify,264
SealBattleEndNotify,265
SealBattleProgressNotify,266
SeeMonsterReq,277
SeeMonsterRsp,278
SelectAsterMidDifficultyReq,2061
SelectAsterMidDifficultyRsp,2062
SelectEffigyChallengeConditionReq,2109
SelectEffigyChallengeConditionRsp,2110
SelectWorktopOptionReq,805
SelectWorktopOptionRsp,806
ServerAnnounceNotify,2022
ServerAnnounceRevokeNotify,2023
ServerBuffChangeNotify,351
ServerCondMeetQuestListUpdateNotify,431
ServerDisconnectClientNotify,162
ServerGlobalValueChangeNotify,1114
ServerLogNotify,11
ServerTimeNotify,10
ServerUpdateGlobalValueNotify,1113
SetBattlePassViewedReq,2613
SetBattlePassViewedRsp,2614
SetCoopChapterViewedReq,1974
SetCoopChapterViewedRsp,1975
SetCurExpeditionChallengeIdReq,2169
SetCurExpeditionChallengeIdRsp,2170
SetEntityClientDataNotify,3041
SetEquipLockStateReq,659
SetEquipLockStateRsp,660
SetFriendEnterHomeOptionReq,4469
SetFriendEnterHomeOptionRsp,4470
SetFriendRemarkNameReq,4043
SetFriendRemarkNameRsp,4044
SetNameCardReq,4023
SetNameCardRsp,4024
SetOpenStateReq,122
SetOpenStateRsp,123
SetPlayerBirthdayReq,4013
SetPlayerBirthdayRsp,4014
SetPlayerBornDataReq,116
SetPlayerBornDataRsp,117
SetPlayerHeadImageReq,4017
SetPlayerHeadImageRsp,4018
SetPlayerNameReq,120
SetPlayerNameRsp,121
SetPlayerPropReq,114
SetPlayerPropRsp,115
SetPlayerSignatureReq,4015
SetPlayerSignatureRsp,4016
SetSceneWeatherAreaReq,291
SetSceneWeatherAreaRsp,292
SetUpAvatarTeamReq,1703
SetUpAvatarTeamRsp,1704
SetUpLunchBoxWidgetReq,4258
SetUpLunchBoxWidgetRsp,4259
SetWidgetSlotReq,4279
SetWidgetSlotRsp,4280
ShowCommonTipsNotify,3047
ShowMessageNotify,4
ShowTemplateReminderNotify,3046
SignInInfoReq,2503
SignInInfoRsp,2504
SocialDataNotify,4034
SpringUseReq,1711
SpringUseRsp,1712
StartArenaChallengeLevelReq,2195
StartArenaChallengeLevelRsp,2196
StartCoopPointReq,1964
StartCoopPointRsp,1965
StartEffigyChallengeReq,2101
StartEffigyChallengeRsp,2102
StoreItemChangeNotify,603
StoreItemDelNotify,604
StoreWeightLimitNotify,602
SyncScenePlayTeamEntityNotify,3050
SyncTeamEntityNotify,348
TakeAchievementGoalRewardReq,2655
TakeAchievementGoalRewardRsp,2656
TakeAchievementRewardReq,2653
TakeAchievementRewardRsp,2654
TakeAsterSpecialRewardReq,2067
TakeAsterSpecialRewardRsp,2068
TakeBattlePassMissionPointReq,2607
TakeBattlePassMissionPointRsp,2608
TakeBattlePassRewardReq,2605
TakeBattlePassRewardRsp,2606
TakeCityReputationExploreRewardReq,2814
TakeCityReputationExploreRewardRsp,2815
TakeCityReputationLevelRewardReq,2803
TakeCityReputationLevelRewardRsp,2804
TakeCityReputationParentQuestReq,2806
TakeCityReputationParentQuestRsp,2807
TakeCompoundOutputReq,135
TakeCompoundOutputRsp,136
TakeCoopRewardReq,1968
TakeCoopRewardRsp,1969
TakeDeliveryDailyRewardReq,2051
TakeDeliveryDailyRewardRsp,2052
TakeEffigyFirstPassRewardReq,2105
TakeEffigyFirstPassRewardRsp,2106
TakeEffigyRewardReq,2107
TakeEffigyRewardRsp,2108
TakeFirstShareRewardReq,4035
TakeFirstShareRewardRsp,4036
TakeFurnitureMakeReq,4603
TakeFurnitureMakeRsp,4604
TakeHuntingOfferReq,4301
TakeHuntingOfferRsp,4302
TakeInvestigationRewardReq,1902
TakeInvestigationRewardRsp,1903
TakeInvestigationTargetRewardReq,1904
TakeInvestigationTargetRewardRsp,1905
TakeMaterialDeleteReturnReq,652
TakeMaterialDeleteReturnRsp,653
TakeoffEquipReq,616
TakeoffEquipRsp,617
TakeOfferingLevelRewardReq,2904
TakeOfferingLevelRewardRsp,2905
TakePlayerLevelRewardReq,152
TakePlayerLevelRewardRsp,153
TakeRegionSearchRewardReq,5603
TakeRegionSearchRewardRsp,5604
TakeResinCardDailyRewardReq,4108
TakeResinCardDailyRewardRsp,4109
TakeReunionFirstGiftRewardReq,5053
TakeReunionFirstGiftRewardRsp,5054
TakeReunionMissionRewardReq,5064
TakeReunionMissionRewardRsp,5065
TakeReunionSignInRewardReq,5057
TakeReunionSignInRewardRsp,5058
TakeReunionWatcherRewardReq,5061
TakeReunionWatcherRewardRsp,5062
TaskVarNotify,167
TeamResonanceChangeNotify,1017
TowerAllDataReq,2408
TowerAllDataRsp,2409
TowerBriefDataNotify,2401
TowerBuffSelectReq,2413
TowerBuffSelectRsp,2414
TowerCurLevelRecordChangeNotify,2403
TowerDailyRewardProgressChangeNotify,2404
TowerEnterLevelReq,2411
TowerEnterLevelRsp,2412
TowerFloorRecordChangeNotify,2402
TowerGetFloorStarRewardReq,2423
TowerGetFloorStarRewardRsp,2424
TowerLevelEndNotify,2430
TowerLevelStarCondNotify,2431
TowerMiddleLevelChangeTeamNotify,2432
TowerRecordHandbookReq,2433
TowerRecordHandbookRsp,2434
TowerSurrenderReq,2421
TowerSurrenderRsp,2422
TowerTeamSelectReq,2406
TowerTeamSelectRsp,2407
TreasureMapBonusChallengeNotify,2127
TreasureMapCurrencyNotify,2124
TreasureMapDetectorDataNotify,4271
TreasureMapGuideTaskDoneNotify,2128
TreasureMapMpChallengeNotify,2126
TreasureMapRegionActiveNotify,2125
TreasureMapRegionInfoNotify,2121
TrialAvatarFirstPassDungeonNotify,2047
TrialAvatarInDungeonIndexNotify,2048
TriggerCreateGadgetToEquipPartNotify,333
TryEnterHomeReq,4451
TryEnterHomeRsp,4452
UnfreezeGroupLimitNotify,3037
UnionCmdNotify,16
UnlockAvatarTalentReq,1001
UnlockAvatarTalentRsp,1002
UnlockCoopChapterReq,1961
UnlockCoopChapterRsp,1962
UnlockedFurnitureFormulaDataNotify,4491
UnlockedFurnitureSuiteDataNotify,4492
UnlockNameCardNotify,4031
UnlockPersonalLineReq,439
UnlockPersonalLineRsp,440
UnlockTransPointReq,3002
UnlockTransPointRsp,3003
UnmarkEntityInMinMapNotify,250
UpdateAbilityCreatedMovingPlatformNotify,815
UpdatePlayerShowAvatarListReq,4045
UpdatePlayerShowAvatarListRsp,4046
UpdatePlayerShowNameCardListReq,4049
UpdatePlayerShowNameCardListRsp,4050
UpdatePS4BlockListReq,4037
UpdatePS4BlockListRsp,4038
UpdatePS4FriendListNotify,4019
UpdateReunionWatcherNotify,5063
UseAnchorPointWidgetReq,4252
UseAnchorPointWidgetRsp,4253
UseBonfireWidgetReq,4256
UseBonfireWidgetRsp,4257
UseItemReq,608
UseItemRsp,609
UseMiracleRingReq,5201
UseMiracleRingRsp,5202
UseWidgetCreateGadgetReq,4285
UseWidgetCreateGadgetRsp,4286
UseWidgetRetractGadgetReq,4287
UseWidgetRetractGadgetRsp,4288
ViewCodexReq,4207
ViewCodexRsp,4208
WatcherAllDataNotify,2201
WatcherChangeNotify,2202
WatcherEventNotify,2203
WatcherEventTypeNotify,2204
WaterSpritePhaseFinishNotify,2198
WeaponAwakenReq,630
WeaponAwakenRsp,631
WeaponPromoteReq,621
WeaponPromoteRsp,622
WeaponUpgradeReq,619
WeaponUpgradeRsp,620
WearEquipReq,614
WearEquipRsp,615
WidgetCoolDownNotify,4262
WidgetGadgetAllDataNotify,4289
WidgetGadgetDataNotify,4290
WidgetGadgetDestroyNotify,4291
WidgetReportReq,4263
WidgetReportRsp,4264
WidgetSlotChangeNotify,4281
WindSeedClientNotify,1110
WorktopOptionNotify,804
WorldAllRoutineTypeNotify,3502
WorldDataNotify,3013
WorldOwnerBlossomBriefInfoNotify,2704
WorldOwnerBlossomScheduleInfoNotify,2705
WorldOwnerDailyTaskNotify,149
WorldPlayerDieNotify,287
WorldPlayerInfoNotify,3015
WorldPlayerLocationNotify,246
WorldPlayerReviveReq,288
WorldPlayerReviveRsp,289
WorldPlayerRTTNotify,21
WorldRoutineChangeNotify,3504
WorldRoutineTypeCloseNotify,3505
WorldRoutineTypeRefreshNotify,3503
