AbilityInvocationFailNotify,1105
AbilityInvocationFixedNotify,1101
AbilityInvocationsNotify,1102
AddQuestContentProgressReq,406
AddQuestContentProgressRsp,407
AddRandTaskInfoNotify,150
AddSeenMonsterNotify,279
AllMarkPointNotify,3012
AllSeenMonsterNotify,280
AnimatorForceSetAirMoveNotify,335
AvatarAbilityResetFinishNotify,1109
AvatarAbilityResetNotify,1106
AvatarAddNotify,1701
AvatarCardChangeReq,627
AvatarCardChangeRsp,628
AvatarChangeElementTypeReq,1721
AvatarChangeElementTypeRsp,1722
AvatarDataNotify,1716
AvatarDelNotify,1702
AvatarDieAnimationEndReq,1719
AvatarDieAnimationEndRsp,1720
AvatarEnterElementViewNotify,332
AvatarEquipChangeNotify,618
AvatarExpeditionAllDataReq,1725
AvatarExpeditionAllDataRsp,1726
AvatarExpeditionCallBackReq,1729
AvatarExpeditionCallBackRsp,1730
AvatarExpeditionDataNotify,1724
AvatarExpeditionGetRewardReq,1731
AvatarExpeditionGetRewardRsp,1732
AvatarExpeditionStartReq,1727
AvatarExpeditionStartRsp,1728
AvatarFetterDataNotify,1723
AvatarFightPropNotify,1205
AvatarFightPropUpdateNotify,1206
AvatarLifeStateChangeNotify,1208
AvatarPromoteReq,1709
AvatarPromoteRsp,1710
AvatarPropChangeReasonNotify,1209
AvatarPropNotify,1211
AvatarSkillChangeNotify,1014
AvatarSkillDepotChangeNotify,1004
AvatarSkillInfoNotify,1008
AvatarSkillMaxChargeCountNotify,1007
AvatarSkillUpgradeReq,1012
AvatarSkillUpgradeRsp,1013
AvatarTeamUpdateNotify,1715
AvatarUnlockTalentNotify,1003
AvatarUpgradeReq,1717
AvatarUpgradeRsp,1718
BackMyWorldReq,275
BackMyWorldRsp,276
BeginCameraSceneLookNotify,247
BigTalentPointConvertReq,1005
BigTalentPointConvertRsp,1006
BuffAddNotify,327
BuffDelNotify,328
BuyGoodsReq,703
BuyGoodsRsp,704
ChallengeDataNotify,920
ChallengeRecordNotify,924
ChangeAvatarReq,1707
ChangeAvatarRsp,1708
ChangeGameTimeReq,109
ChangeGameTimeRsp,110
ChangeMpTeamAvatarReq,1734
ChangeMpTeamAvatarRsp,1735
ChangeTeamNameReq,1736
ChangeTeamNameRsp,1737
ChapterStateNotify,416
ChatHistoryNotify,3022
ChooseCurAvatarTeamReq,1705
ChooseCurAvatarTeamRsp,1706
ClientAbilitiesInitFinishCombineNotify,1107
ClientAbilityInitBeginNotify,1103
ClientAbilityInitFinishNotify,1104
ClientFpsStatusNotify,13
ClientMTPDataNotify,15
ClientNewMailNotify,1410
ClientPauseNotify,267
ClientReconnectNotify,12
ClientScriptEventNotify,298
ClientTransmitReq,240
ClientTransmitRsp,241
ClientTriggerEventNotify,113
CombineReq,634
CombineRsp,635
CompoundDataNotify,137
CookDataNotify,130
CookGradeDataNotify,132
CookRecipeDataNotify,131
CreateMassiveEntityNotify,345
CreateMassiveEntityReq,343
CreateMassiveEntityRsp,344
CutSceneBeginNotify,295
CutSceneEndNotify,297
CutSceneFinishNotify,296
DailyTaskDataNotify,146
DailyTaskProgressNotify,147
DailyTaskScoreRewardNotify,148
DataResVersionNotify,145
DebugNotify,101
DelMailReq,1406
DelMailRsp,1407
DelTeamEntityNotify,349
DestroyMassiveEntityNotify,346
DoGachaReq,1503
DoGachaRsp,1504
DoSetPlayerBornDataNotify,118
DropHintNotify,633
DropItemReq,610
DropItemRsp,611
DropSubfieldReq,251
DropSubfieldRsp,252
DungeonCandidateTeamChangeAvatarReq,942
DungeonCandidateTeamChangeAvatarRsp,943
DungeonCandidateTeamCreateReq,930
DungeonCandidateTeamCreateRsp,931
DungeonCandidateTeamDismissNotify,929
DungeonCandidateTeamInfoNotify,925
DungeonCandidateTeamInviteNotify,926
DungeonCandidateTeamInviteReq,932
DungeonCandidateTeamInviteRsp,933
DungeonCandidateTeamKickReq,934
DungeonCandidateTeamKickRsp,935
DungeonCandidateTeamLeaveReq,936
DungeonCandidateTeamLeaveRsp,937
DungeonCandidateTeamPlayerLeaveNotify,928
DungeonCandidateTeamRefuseNotify,927
DungeonCandidateTeamReplyInviteReq,938
DungeonCandidateTeamReplyInviteRsp,939
DungeonCandidateTeamSetReadyReq,940
DungeonCandidateTeamSetReadyRsp,941
DungeonChallengeBeginNotify,918
DungeonChallengeFinishNotify,919
DungeonDataNotify,917
DungeonDieOptionReq,912
DungeonDieOptionRsp,913
DungeonEntryInfoReq,901
DungeonEntryInfoRsp,902
DungeonFollowNotify,921
DungeonGetStatueDropReq,922
DungeonGetStatueDropRsp,923
DungeonPlayerDieNotify,911
DungeonPlayerDieReq,915
DungeonPlayerDieRsp,916
DungeonSettleNotify,910
DungeonShowReminderNotify,914
DungeonWayPointActivateReq,908
DungeonWayPointActivateRsp,909
DungeonWayPointNotify,907
ElementReactionLogNotify,1108
EndCameraSceneLookNotify,248
EnterSceneDoneReq,285
EnterSceneDoneRsp,286
EnterScenePeerNotify,284
EnterSceneReadyReq,282
EnterSceneReadyRsp,283
EnterSceneWeatherAreaNotify,242
EnterTransPointRegionNotify,216
EnterWorldAreaReq,233
EnterWorldAreaRsp,234
EntityAuthorityChangeNotify,326
EntityFightPropChangeReasonNotify,1207
EntityFightPropNotify,1203
EntityFightPropUpdateNotify,1204
EntityForceSyncReq,235
EntityForceSyncRsp,236
EntityJumpNotify,221
EntityMoveRoomNotify,3014
EntityPropNotify,1201
EvtAiSyncSkillCdNotify,336
EvtAnimatorParameterNotify,302
EvtAnimatorStateChangedNotify,311
EvtAvatarEnterFocusNotify,323
EvtAvatarExitFocusNotify,324
EvtAvatarSitDownNotify,341
EvtAvatarStandUpNotify,342
EvtAvatarUpdateFocusNotify,325
EvtBeingHitNotify,301
EvtBeingHitsCombineNotify,337
EvtBulletDeactiveNotify,314
EvtBulletHitNotify,313
EvtBulletMoveNotify,322
EvtCostStaminaNotify,309
EvtCreateGadgetNotify,305
EvtDestroyGadgetNotify,306
EvtDoSkillSuccNotify,304
EvtEntityRenderersChangedNotify,334
EvtEntityStartDieEndNotify,315
EvtFaceToDirNotify,308
EvtFaceToEntityNotify,307
EvtRushMoveNotify,312
EvtSetAttackTargetNotify,310
ExecuteGadgetLuaReq,293
ExecuteGadgetLuaRsp,294
ExecuteGroupTriggerReq,253
ExecuteGroupTriggerRsp,254
ExitSceneWeatherAreaNotify,243
ExitTransPointRegionNotify,217
FinishedParentQuestNotify,404
FinishedParentQuestUpdateNotify,405
FocusAvatarReq,1740
FocusAvatarRsp,1741
ForgeGetQueueDataReq,637
ForgeGetQueueDataRsp,638
ForgeQueueDataNotify,636
ForgeQueueManipulateReq,641
ForgeQueueManipulateRsp,642
ForgeStartReq,639
ForgeStartRsp,640
GadgetInteractReq,801
GadgetInteractRsp,802
GadgetStateNotify,803
GetActivityScheduleReq,2001
GetActivityScheduleRsp,2002
GetAllMailReq,1411
GetAllMailRsp,1412
GetAuthkeyReq,1408
GetAuthkeyRsp,1409
GetCompoundDataReq,138
GetCompoundDataRsp,139
GetGachaInfoReq,1501
GetGachaInfoRsp,1502
GetInvestigationMonsterReq,1906
GetInvestigationMonsterRsp,1907
GetMailItemReq,1404
GetMailItemRsp,1405
GetOnlinePlayerListReq,8
GetOnlinePlayerListRsp,9
GetPlayerTokenReq,101
GetPlayerTokenRsp,102
GetPushTipsRewardReq,2225
GetPushTipsRewardRsp,2226
GetQuestTalkHistoryReq,408
GetQuestTalkHistoryRsp,409
GetSceneAreaReq,222
GetSceneAreaRsp,223
GetSceneNpcPositionReq,504
GetSceneNpcPositionRsp,505
GetScenePointReq,214
GetScenePointRsp,215
GetShopReq,701
GetShopRsp,702
GivingRecordChangeNotify,156
GivingRecordNotify,155
GMShowNavMeshReq,2353
GMShowNavMeshRsp,2354
GMShowObstacleReq,2351
GMShowObstacleRsp,2352
GmTalkReq,2
GmTalkRsp,3
GrantRewardNotify,629
HitClientTrivialNotify,274
HostDailyTaskNotify,149
HostPlayerNotify,303
ItemAddHintNotify,605
ItemCdGroupTimeNotify,632
ItemGivingReq,157
ItemGivingRsp,158
JoinPlayerFailNotify,290
JoinPlayerSceneReq,269
JoinPlayerSceneRsp,270
KeepAliveNotify,1
LeaveSceneReq,202
LeaveSceneRsp,203
LevelupCityReq,255
LevelupCityRsp,256
LifeStateChangeNotify,1202
LogCutsceneNotify,415
LogTalkNotify,414
MailChangeNotify,1402
MarkEntityInMinMapNotify,249
MarkMapReq,3010
MarkMapRsp,3011
MarkNewNotify,1212
MassiveEntityStateChangedNotify,347
MonsterAlertChangeNotify,329
MonsterForceAiNotify,331
MonsterForceAlertNotify,330
MonsterSummonTagNotify,1301
NpcTalkReq,501
NpcTalkRsp,502
ObstacleModifyNotify,2303
OpenStateChangeNotify,125
OpenStateUpdateNotify,124
PathfindingEnterSceneReq,2305
PathfindingEnterSceneRsp,2306
PathfindingPingNotify,2304
PersonalSceneJumpReq,262
PersonalSceneJumpRsp,263
PingReq,5
PingRsp,6
PlatformChangeRouteNotify,260
PlatformRouteStateNotify,3004
PlatformStartRouteNotify,258
PlatformStopRouteNotify,259
PlayerApplyEnterMpNotify,1801
PlayerApplyEnterMpReq,1802
PlayerApplyEnterMpResultNotify,1804
PlayerApplyEnterMpResultReq,1805
PlayerApplyEnterMpResultRsp,1806
PlayerApplyEnterMpRsp,1803
PlayerChatCDNotify,3021
PlayerChatNotify,3020
PlayerChatReq,3018
PlayerChatRsp,3019
PlayerCompoundMaterialReq,133
PlayerCompoundMaterialRsp,134
PlayerCookArgsReq,159
PlayerCookArgsRsp,160
PlayerCookReq,126
PlayerCookRsp,127
PlayerDataNotify,108
PlayerEnterDungeonReq,903
PlayerEnterDungeonRsp,904
PlayerEnterSceneInfoNotify,268
PlayerEnterSceneNotify,201
PlayerGameTimeNotify,111
PlayerInvestigationAllInfoNotify,1901
PlayerInvestigationNotify,1908
PlayerInvestigationTargetNotify,1909
PlayerLevelRewardUpdateNotify,154
PlayerLoginReq,103
PlayerLoginRsp,104
PlayerLogoutNotify,107
PlayerLogoutReq,105
PlayerLogoutRsp,106
PlayerPreEnterMpNotify,1808
PlayerPropChangeNotify,119
PlayerPropChangeReasonNotify,1210
PlayerPropNotify,112
PlayerQuitDungeonReq,905
PlayerQuitDungeonRsp,906
PlayerQuitFromMpNotify,1807
PlayerRandomCookReq,128
PlayerRandomCookRsp,129
PlayerSetLanguageReq,143
PlayerSetLanguageRsp,144
PlayerSetPauseReq,141
PlayerSetPauseRsp,142
PlayerStoreNotify,601
PlayerTimeNotify,140
PostEnterSceneReq,3016
PostEnterSceneRsp,3017
ProudSkillChangeNotify,1011
ProudSkillExtraLevelNotify,1015
ProudSkillUpgradeReq,1009
ProudSkillUpgradeRsp,1010
PushTipsAllDataNotify,2221
PushTipsChangeNotify,2222
PushTipsReadFinishReq,2223
PushTipsReadFinishRsp,2224
QueryPathReq,2301
QueryPathRsp,2302
QuestCreateEntityReq,410
QuestCreateEntityRsp,411
QuestDelNotify,403
QuestDestroyEntityReq,412
QuestDestroyEntityRsp,413
QuestListNotify,401
QuestListUpdateNotify,402
QuestProgressUpdateNotify,417
QuestUpdateQuestVarNotify,420
QuestUpdateQuestVarReq,418
QuestUpdateQuestVarRsp,419
ReadMailNotify,1403
RefreshBackgroundAvatarReq,1713
RefreshBackgroundAvatarRsp,1714
ReliquaryPromoteReq,625
ReliquaryPromoteRsp,626
ReliquaryUpgradeReq,623
ReliquaryUpgradeRsp,624
RemoveRandTaskInfoNotify,151
RobotPushPlayerDataNotify,14
SceneAreaExploreNotify,237
SceneAreaUnlockNotify,224
SceneAreaWeatherNotify,244
SceneAvatarStaminaStepReq,210
SceneAvatarStaminaStepRsp,211
SceneCreateEntityReq,227
SceneCreateEntityRsp,228
SceneDataNotify,3023
SceneDestroyEntityReq,229
SceneDestroyEntityRsp,230
SceneEntitiesMoveCombineNotify,3001
SceneEntitiesMovesReq,299
SceneEntitiesMovesRsp,300
SceneEntityAppearNotify,206
SceneEntityDisappearNotify,207
SceneEntityDrownReq,225
SceneEntityDrownRsp,226
SceneEntityMoveNotify,212
SceneEntityMoveReq,208
SceneEntityMoveRsp,209
SceneForceLockNotify,232
SceneForceUnlockNotify,231
SceneGetAreaExplorePercentReq,238
SceneGetAreaExplorePercentRsp,239
SceneInitFinishReq,204
SceneInitFinishRsp,205
SceneKickPlayerNotify,273
SceneKickPlayerReq,271
SceneKickPlayerRsp,272
ScenePlayerInfoNotify,245
ScenePlayerLocationNotify,213
ScenePlayerSoundNotify,261
ScenePointUnlockNotify,218
SceneRouteChangeNotify,257
SceneTeamMPDisplayCurAvatarNotify,1739
SceneTeamUpdateNotify,1738
SceneTimeNotify,281
SceneTransToPointReq,219
SceneTransToPointRsp,220
SceneWeatherForcastReq,3005
SceneWeatherForcastRsp,3006
SeaLampActivityInfoNotify,2013
SeaLampContributeItemReq,2020
SeaLampContributeItemRsp,2021
SeaLampFlyLampReq,2014
SeaLampFlyLampRsp,2015
SeaLampGetActivityInfoReq,2011
SeaLampGetActivityInfoRsp,2012
SeaLampTakeContributionRewardReq,2016
SeaLampTakeContributionRewardRsp,2017
SeaLampTakePhaseRewardReq,2018
SeaLampTakePhaseRewardRsp,2019
SealBattleBeginNotify,264
SealBattleEndNotify,265
SealBattleProgressNotify,266
SeeMonsterReq,277
SeeMonsterRsp,278
SelectWorktopOptionReq,805
SelectWorktopOptionRsp,806
ServerLogNotify,11
ServerTimeNotify,10
SetOpenStateReq,122
SetOpenStateRsp,123
SetPlayerBornDataReq,116
SetPlayerBornDataRsp,117
SetPlayerNameReq,120
SetPlayerNameRsp,121
SetPlayerPropReq,114
SetPlayerPropRsp,115
SetSceneWeatherAreaReq,291
SetSceneWeatherAreaRsp,292
SetUpAvatarTeamReq,1703
SetUpAvatarTeamRsp,1704
ShowMessageNotify,4
SpringUseReq,1711
SpringUseRsp,1712
StoreItemChangeNotify,603
StoreItemDelNotify,604
StoreWeightLimitNotify,602
SyncTeamEntityNotify,348
TakeCompoundOutputReq,135
TakeCompoundOutputRsp,136
TakeInvestigationRewardReq,1902
TakeInvestigationRewardRsp,1903
TakeInvestigationTargetRewardReq,1904
TakeInvestigationTargetRewardRsp,1905
TakeoffEquipReq,616
TakeoffEquipRsp,617
TakePlayerLevelRewardReq,152
TakePlayerLevelRewardRsp,153
TriggerCreateGadgetToEquipPartNotify,333
UnlockAvatarTalentReq,1001
UnlockAvatarTalentRsp,1002
UnlockTransPointReq,3002
UnlockTransPointRsp,3003
UnmarkEntityInMinMapNotify,250
UseItemReq,608
UseItemRsp,609
WatcherAllDataNotify,2201
WatcherChangeNotify,2202
WatcherEventNotify,2203
WatcherEventTypeNotify,2204
WeaponAwakenReq,630
WeaponAwakenRsp,631
WeaponPromoteReq,621
WeaponPromoteRsp,622
WeaponUpgradeReq,619
WeaponUpgradeRsp,620
WearEquipReq,614
WearEquipRsp,615
WorktopOptionNotify,804
WorldDataNotify,3013
WorldPlayerDieNotify,287
WorldPlayerInfoNotify,3015
WorldPlayerLocationNotify,246
WorldPlayerReviveReq,288
WorldPlayerReviveRsp,289
